ID,Size,Predicted,Actual
0,233,0.13725853648845804,NO
1,557,0.19,NO
2,22,0.07598665746458522,NO
3,39,0.07598665746458522,NO
4,39,0.07598665746458522,NO
5,24,0.07598665746458522,NO
6,45,0.07598665746458522,NO
7,77,0.07598665746458522,NO
8,77,0.07598665746458522,NO
9,54,0.07598665746458522,NO
10,90,5.88235294117647E-4,NO
11,58,0.07598665746458522,NO
12,24,0.07598665746458522,NO
13,64,0.07598665746458522,NO
14,214,0.42436134453781515,NO
15,19,0.07598665746458522,NO
16,35,0.07598665746458522,NO
17,157,0.07598665746458522,NO
18,55,0.07598665746458522,NO
19,26,0.07598665746458522,NO
20,54,0.07598665746458522,NO
