ID,Size,Predicted,Actual
0,233,0.26,NO
1,557,0.61,NO
2,22,0.08909595959595959,NO
3,39,0.72,NO
4,39,0.72,NO
5,24,0.07381818181818182,NO
6,45,0.75,NO
7,77,0.01,NO
8,77,0.01,NO
9,54,0.0,NO
10,90,0.09,NO
11,58,0.0,NO
12,24,0.07381818181818182,NO
13,64,0.0,NO
14,214,0.23,NO
15,19,0.12,NO
16,35,0.03,NO
17,157,0.14,NO
18,55,0.0,NO
19,26,0.03381818181818182,NO
20,54,0.0,NO
