ID,Size,Predicted,Actual
0,233,0.34,NO
1,557,0.72,NO
2,22,0.26249999999999996,NO
3,39,0.81,NO
4,39,0.81,NO
5,24,0.25416666666666665,NO
6,45,0.82,NO
7,77,0.22,NO
8,77,0.22,NO
9,54,0.4406666666666667,NO
10,90,0.24,NO
11,58,0.4306666666666667,NO
12,24,0.25416666666666665,NO
13,64,0.4306666666666667,NO
14,214,0.48,NO
15,19,0.24083333333333332,NO
16,35,0.3825,NO
17,157,0.19833333333333336,NO
18,55,0.4406666666666667,NO
19,26,0.21416666666666664,NO
20,54,0.4406666666666667,NO
