ID,Size,Predicted,Actual
0,233,0.12,NO
1,557,0.4,NO
2,22,0.05126872969546665,NO
3,39,0.86,NO
4,39,0.86,NO
5,24,0.05126872969546665,NO
6,45,0.72,NO
7,77,0.0,NO
8,77,0.0,NO
9,54,0.03,NO
10,90,0.01,NO
11,58,0.03,NO
12,24,0.05126872969546665,NO
13,64,0.01,NO
14,214,0.17,NO
15,19,0.1812987597254967,NO
16,35,0.04002590673575129,NO
17,157,0.0,NO
18,55,0.03,NO
19,26,0.040391159169247126,NO
20,54,0.03,NO
