ID,Size,Predicted,Actual
0,233,0.3,NO
1,557,0.79,NO
2,22,0.11711511918033658,NO
3,39,1.0,NO
4,39,1.0,NO
5,24,0.08365079365079366,NO
6,45,0.95,NO
7,77,0.0,NO
8,77,0.0,NO
9,54,0.0,NO
10,90,0.13,NO
11,58,0.0,NO
12,24,0.08365079365079366,NO
13,64,0.0,NO
14,214,0.32,NO
15,19,0.23,NO
16,35,0.02,NO
17,157,0.12,NO
18,55,0.0,NO
19,26,0.03,NO
20,54,0.0,NO
